Purpose,Channel,Dimmer,Address,Position,Unit#,Instrument Type,Load,Accessory,Color,Gobo,Circuit Name,Circuit#,Focus Status,Lightwright ID,Universe,DMX#
PIPE END TEMP,298,325,,#8 ELECTRIC,1,Source4-36°,575,,L202,G370,,,Not,86B2AA:26A4:4:1:Vecto,,
PIPE END BLUE,288,326,,#8 ELECTRIC,2,Source4-36°,575,,R3220+R119,,,,Not,41134:268D:4:1:Vecto,,
PIPE END TEMP,298,327,,#8 ELECTRIC,3,Source4-26°,575,,L202,G370,,,Not,503650:2676:4:1:Vecto,,
PIPE END BLUE,288,328,,#8 ELECTRIC,4,Source4-26°,575,,R3220+R119,,,,Not,41F1B7:265F:4:1:Vecto,,
TEMP BACKS,98,329,,#8 ELECTRIC,5,Source4-26°,575,,N/C,G579-A,,,Not,528C82:354:3:35:Vecto,,
SPC - OVERHEAD,409,330,,#8 ELECTRIC,6,Source4-26°,575,,R119,,,,Not,72DC48:3C7:3:35:Vecto,,
TEMP BACKS,97,342,,#8 ELECTRIC,7,Source4-26°,575,,N/C,G579-A,,,Not,80E123:36B:3:35:Vecto,,
MOV - iCUE (LAMP),504,184,,#8 ELECTRIC,8,Source4-19°,750,,R132,,,,Not,1159B9:2CA:3:35:Vecto,,
MOV - iCUE (MIRROR),504,1410,,#8 ELECTRIC,8.1,I-Cue Intelligent Mirror,,,,,,,Not,7F2F08:33D:3:35:Vecto,,
MOV - iCUE (IRIS),504,1414,,#8 ELECTRIC,8.2,DMX Iris for S4,120,,,,,,Not,AD009:2F8:3:35:Vecto,,
TEMP BACKS,96,340,,#8 ELECTRIC,9,Source4-26°,575,,N/C,G579-A,,,Not,50A095:382:3:35:Vecto,,
SPC - OVERHEAD,408,339,,#8 ELECTRIC,10,Source4-26°,575,,R119,,,,Not,780054:3DE:3:36:Vecto,,
MOV - iCUE (LAMP),503,185,,#8 ELECTRIC,11,Source4-19°,750,,R132,,,,Not,7F07FC:2E1:3:35:Vecto,,
MOV - iCUE (MIRROR),503,1415,,#8 ELECTRIC,11.1,I-Cue Intelligent Mirror,,,,,,,Not,7C2E1D:326:3:35:Vecto,,
MOV - iCUE (IRIS),503,1419,,#8 ELECTRIC,11.2,DMX Iris for S4,120,,,,,,Not,47CA4D:30F:3:35:Vecto,,
PIPE END BLUE,284,334,,#8 ELECTRIC,12,Source4-26°,575,,R3220+R119,,,,Not,93FDCB:26BB:4:1:Vecto,,
TEMP BACKS,95,337,,#8 ELECTRIC,12,Source4-26°,575,,N/C,G579-A,,,Not,704322:399:3:35:Vecto,,
PIPE END TEMP,294,333,,#8 ELECTRIC,13,Source4-26°,575,,L202,G370,,,Not,8CEAB2:26D2:4:1:Vecto,,
SPC - OVERHEAD,407,336,,#8 ELECTRIC,13,Source4-26°,575,,R119,,,,Not,47899E:3F5:3:36:Vecto,,
TEMP BACKS,94,335,,#8 ELECTRIC,14,Source4-26°,575,,N/C,G579-A,,,Not,246D09:3B0:3:35:Vecto,,
PIPE END BLUE,284,332,,#8 ELECTRIC,14,Source4-36°,575,,R3220+R119,,,,Not,775EEB:26E9:4:1:Vecto,,
PIPE END TEMP,294,331,,#8 ELECTRIC,15,Source4-36°,575,,L202,G370,,,Not,7964A7:2700:4:1:Vecto,,
WORKS,911,522,,#7 ELECTRIC,1,Q-Lite,500,,N/C,,,,Not,D0AE8:1D1E:3:3A:Vecto,,
BACK - AMBER,32,303,,#7 ELECTRIC,2,Source4 PAR WFL,750,,L021,,,,Not,BAED5:23DB:4:0:Vecto,,
BACK - BLUE,12,309,,#7 ELECTRIC,3,Source4 PAR WFL,750,,R2006,,,,Not,72E9D2:2409:4:0:Vecto,,
BACK - RED,52,304,,#7 ELECTRIC,4,Source4 PAR WFL,750,,LHT026,,,,Not,6152D7:23C4:4:0:Vecto,,
BACK - LAV,72,310,,#7 ELECTRIC,5,Source4 PAR WFL,750,,R58,,,,Not,1D5274:23F2:4:0:Vecto,,
BACK - AMBER,31,305,,#7 ELECTRIC,6,Source4 PAR WFL,750,,L021,,,,Not,60C560:237F:4:0:Vecto,,
BACK - BLUE,11,311,,#7 ELECTRIC,7,Source4 PAR WFL,750,,R2006,,,,Not,3C994A:23AD:4:0:Vecto,,
BACK - RED,51,306,,#7 ELECTRIC,8,Source4 PAR WFL,750,,LHT026,,,,Not,55562C:2368:4:0:Vecto,,
BACK - LAV,71,312,,#7 ELECTRIC,9,Source4 PAR WFL,750,,R58,,,,Not,6E7CE3:2396:4:0:Vecto,,
WORKS,911,522,,#7 ELECTRIC,10,Q-Lite,500,,N/C,,,,Not,45A262:1D4C:3:3A:Vecto,,
BACK - AMBER,30,324,,#7 ELECTRIC,11,Source4 PAR WFL,750,,L021,,,,Not,321582:22DE:4:0:Vecto,,
BACK - BLUE,10,323,,#7 ELECTRIC,12,Source4 PAR WFL,750,,R2006,,,,Not,F9C07:22B0:4:0:Vecto,,
BACK - RED,50,322,,#7 ELECTRIC,13,Source4 PAR WFL,750,,LHT026,,,,Not,234475:22F5:4:0:Vecto,,
BACK - LAV,70,321,,#7 ELECTRIC,14,Source4 PAR WFL,750,,R58,,,,Not,374454:22C7:4:0:Vecto,,
BACK - AMBER,29,320,,#7 ELECTRIC,15,Source4 PAR WFL,750,,L021,,,,Not,30DC03:233A:4:0:Vecto,,
BACK - BLUE,9,319,,#7 ELECTRIC,16,Source4 PAR WFL,750,,R2006,,,,Not,F2D6B:230C:4:0:Vecto,,
BACK - RED,49,318,,#7 ELECTRIC,17,Source4 PAR WFL,750,,LHT026,,,,Not,FAF01:2351:4:0:Vecto,,
BACK - LAV,69,317,,#7 ELECTRIC,18,Source4 PAR WFL,750,,R58,,,,Not,1D246C:2323:4:0:Vecto,,
WORKS,911,522,,#7 ELECTRIC,19,Q-Lite,500,,N/C,,,,Not,3E1E29:1D35:3:3A:Vecto,,
Follow Spot,,,,Spot Pods,1,XLT Follow Spot (1290),2000,,Note 1,,,,Not,409A06:5C1:3:36:Vecto,,
Follow Spot,,,,Spot Pods,2,XLT Follow Spot (1290),2000,,Note 1,,,,Not,5E9B5B:5D8:3:36:Vecto,,
SPC - DC,422,13,,Bridge Fronts,1,Source4-5°,750,,R132,,,,Not,413FAE:6BE:3:36:Vecto,,
PIT - N/C FNT,707,14,,Bridge Fronts,2,Source4-14°,750,,R132,,,,Not,656850:7D2:3:36:Vecto,,
SPC - PODIUM,431,15,,Bridge Fronts,3,Source4-5°,750,,R132,,,,Not,257046:6A7:3:36:Vecto,,
FRONT - AMBER,125,16,,Bridge Fronts,4,Source4-10°,750,,R02+R132,,,,Not,198A47:690:3:36:Vecto,,
FRONT - N/C,165,17,,Bridge Fronts,5,Source4-10°,750,,R132,,,,Not,597F9A:7E9:3:36:Vecto,,
FRONT - BLUE,105,18,,Bridge Fronts,6,Source4-10°,750,,L201+R132,,,,Not,22184D:800:3:36:Vecto,,
PIT - N/C FNT,706,19,,Bridge Fronts,7,Source4-14°,750,,R132,,,,Not,26F255:817:3:36:Vecto,,
FRONT - PINK,145,20,,Bridge Fronts,8,Source4-10°,750,,R34+R132,,,,Not,951155:82E:3:36:Vecto,,
CONGO FILL,655,21,,Bridge Fronts,9,Source4-10°,750,,L071,,,,Not,181200:845:3:36:Vecto,,
FRONT - AMBER,124,22,,Bridge Fronts,10,Source4-10°,750,,R02+R132,,,,Not,3CD752:679:3:36:Vecto,,
FRONT - N/C,164,23,,Bridge Fronts,11,Source4-10°,750,,R132,,,,Not,429EF0:85C:3:36:Vecto,,
FRONT - BLUE,104,24,,Bridge Fronts,12,Source4-10°,750,,L201+R132,,,,Not,381049:873:3:36:Vecto,,
PIT - N/C FNT,705,25,,Bridge Fronts,13,Source4-14°,750,,R132,,,,Not,83B2F:88A:3:36:Vecto,,
FRONT - PINK,144,26,,Bridge Fronts,14,Source4-10°,750,,R34+R132,,,,Not,284F:8A1:3:36:Vecto,,
CONGO FILL,654,27,,Bridge Fronts,15,Source4-10°,750,,L071,,,,Not,63F4B3:8B8:3:36:Vecto,,
FRONT - AMBER,123,28,,Bridge Fronts,16,Source4-10°,750,,R02+R132,,,,Not,8550D3:662:3:36:Vecto,,
FRONT - N/C,163,29,,Bridge Fronts,17,Source4-10°,750,,R132,,,,Not,193298:8FD:3:36:Vecto,,
FRONT - BLUE,103,30,,Bridge Fronts,18,Source4-10°,750,,L201+R132,,,,Not,7397EF:914:3:36:Vecto,,
PIT - N/C FNT,704,31,,Bridge Fronts,19,Source4-14°,750,,R132,,,,Not,59D85C:5EF:3:36:Vecto,,
FRONT - PINK,143,32,,Bridge Fronts,20,Source4-10°,750,,R34+R132,,,,Not,744B68:8E6:3:36:Vecto,,
CONGO FILL,653,33,,Bridge Fronts,21,Source4-10°,750,,L071,,,,Not,52A513:8CF:3:36:Vecto,,
FRONT - AMBER,122,34,,Bridge Fronts,22,Source4-10°,750,,R02+R132,,,,Not,1A1C26:64B:3:36:Vecto,,
FRONT - N/C,162,35,,Bridge Fronts,23,Source4-10°,750,,R132,,,,Not,53B7C3:7BB:3:36:Vecto,,
FRONT - BLUE,102,36,,Bridge Fronts,24,Source4-10°,750,,L201+R132,,,,Not,9420E8:7A4:3:36:Vecto,,
PIT - N/C FNT,703,37,,Bridge Fronts,25,Source4-14°,750,,R132,,,,Not,238CD1:78D:3:36:Vecto,,
FRONT - PINK,142,38,,Bridge Fronts,26,Source4-10°,750,,R34+R132,,,,Not,81143A:776:3:36:Vecto,,
CONGO FILL,652,39,,Bridge Fronts,27,Source4-10°,750,,L071,,,,Not,1070F2:75F:3:36:Vecto,,
FRONT - AMBER,121,40,,Bridge Fronts,28,Source4-10°,750,,R02+R132,,,,Not,176715:634:3:36:Vecto,,
FRONT - N/C,161,41,,Bridge Fronts,29,Source4-10°,750,,R132,,,,Not,9AEFB:748:3:36:Vecto,,
FRONT - BLUE,101,42,,Bridge Fronts,30,Source4-10°,750,,L201+R132,,,,Not,2186F2:731:3:36:Vecto,,
PIT - N/C FNT,702,43,,Bridge Fronts,31,Source4-14°,750,,R132,,,,Not,634EE2:71A:3:36:Vecto,,
FRONT - PINK,141,44,,Bridge Fronts,32,Source4-10°,750,,R34+R132,,,,Not,333A9D:703:3:36:Vecto,,
CONGO FILL,651,45,,Bridge Fronts,33,Source4-10°,750,,L071,,,,Not,1DF56:6EC:3:36:Vecto,,
SPC - DC,421,46,,Bridge Fronts,34,Source4-5°,750,,R132,,,,Not,CB8DA:606:3:36:Vecto,,
PIT - N/C FNT,701,47,,Bridge Fronts,35,Source4-14°,750,,R132,,,,Not,28A021:6D5:3:36:Vecto,,
SPC - PODIUM,432,48,,Bridge Fronts,36,Source4-10°,750,,R132,,,,Not,F7072:61D:3:36:Vecto,,
PIT - N/C SIDE,721,78,,SR High Side - Bottom Pipe,1,Source4-26°,750,,R132,,,,Not,6E363:99E:3:36:Vecto,,
BX BOOM BLUE,841,75,,SR High Side - Bottom Pipe,2,Source4-26°,750,,LHT079+R132,,,,Not,658B25:987:3:36:Vecto,,
BX BOOM STRAW,831,60,,SR High Side - Bottom Pipe,3,Source4-26°,750,,R08,,,,Not,833A46:970:3:36:Vecto,,
BX BOOM LAV,821,57,,SR High Side - Bottom Pipe,4,Source4-26°,750,,L137,,,,Not,78ACC5:959:3:36:Vecto,,
BX BOOM LT BLUE,811,54,,SR High Side - Bottom Pipe,5,Source4-26°,750,,L201,,,,Not,4DB30A:942:3:36:Vecto,,
BX BOOM AMB,801,51,,SR High Side - Bottom Pipe,6,Source4-26°,750,,R05,,,,Not,4CEC0E:92B:3:36:Vecto,,
PIT - N/C SIDE,722,77,,SR High Side - Mid Pipe,1,Source4-19°,750,,R132,,,,Not,47CEBE:A28:3:36:Vecto,,
BX BOOM BLUE,842,74,,SR High Side - Mid Pipe,2,Source4-19°,750,,LHT079+R132,,,,Not,5FA659:A11:3:36:Vecto,,
BX BOOM STRAW,832,59,,SR High Side - Mid Pipe,3,Source4-19°,750,,R08,,,,Not,14E654:9FA:3:36:Vecto,,
BX BOOM LAV,822,56,,SR High Side - Mid Pipe,4,Source4-19°,750,,L137,,,,Not,36006B:9E3:3:36:Vecto,,
BX BOOM LT BLUE,812,53,,SR High Side - Mid Pipe,5,Source4-19°,750,,L201,,,,Not,8A0634:9CC:3:36:Vecto,,
BX BOOM AMB,802,50,,SR High Side - Mid Pipe,6,Source4-19°,750,,R05,,,,Not,715439:9B5:3:36:Vecto,,
PIT - N/C SIDE,723,76,,SR High Side - Top Pipe,1,Source4-14°,750,,R132,,,,Not,373775:AB2:3:36:Vecto,,
BX BOOM BLUE,843,73,,SR High Side - Top Pipe,2,Source4-14°,750,,LHT079+R132,,,,Not,C9F95:A9B:3:36:Vecto,,
BX BOOM STRAW,833,58,,SR High Side - Top Pipe,3,Source4-14°,750,,R08,,,,Not,1A2FEE:A84:3:36:Vecto,,
BX BOOM LAV,823,55,,SR High Side - Top Pipe,4,Source4-14°,750,,L137,,,,Not,7E3901:A6D:3:36:Vecto,,
BX BOOM LT BLUE,813,52,,SR High Side - Top Pipe,5,Source4-14°,750,,L201,,,,Not,17CF6A:A56:3:36:Vecto,,
BX BOOM AMB,803,49,,SR High Side - Top Pipe,6,Source4-14°,750,,R05,,,,Not,37B7D0:A3F:3:36:Vecto,,
PIT - N/C SIDE,726,66,,SL High Side - Bottom Pipe,1,Source4-26°,750,,R132,,,,Not,80963F:B3C:3:36:Vecto,,
BX BOOM BLUE,846,63,,SL High Side - Bottom Pipe,2,Source4-26°,750,,LHT079+R132,,,,Not,2B902C:B25:3:36:Vecto,,
BX BOOM STRAW,836,12,,SL High Side - Bottom Pipe,3,Source4-26°,750,,R08,,,,Not,11F6E8:B0E:3:36:Vecto,,
BX BOOM LAV,826,9,,SL High Side - Bottom Pipe,4,Source4-26°,750,,L137,,,,Not,49BAD4:AF7:3:36:Vecto,,
BX BOOM LT BLUE,816,6,,SL High Side - Bottom Pipe,5,Source4-26°,750,,L201,,,,Not,3F03FA:AE0:3:36:Vecto,,
BX BOOM AMB,806,3,,SL High Side - Bottom Pipe,6,Source4-26°,750,,R05,,,,Not,5924B6:AC9:3:36:Vecto,,
PIT - N/C SIDE,725,65,,SL High Side - Mid Pipe,1,Source4-19°,750,,R132,,,,Not,8BA350:BC6:3:36:Vecto,,
BX BOOM BLUE,845,62,,SL High Side - Mid Pipe,2,Source4-19°,750,,LHT079+R132,,,,Not,540D83:BAF:3:36:Vecto,,
BX BOOM STRAW,835,11,,SL High Side - Mid Pipe,3,Source4-19°,750,,R08,,,,Not,558CB2:B98:3:36:Vecto,,
BX BOOM LAV,825,8,,SL High Side - Mid Pipe,4,Source4-19°,750,,L137,,,,Not,552C90:B81:3:36:Vecto,,
BX BOOM LT BLUE,815,5,,SL High Side - Mid Pipe,5,Source4-19°,750,,L201,,,,Not,832C2E:B6A:3:36:Vecto,,
BX BOOM AMB,805,2,,SL High Side - Mid Pipe,6,Source4-19°,750,,R05,,,,Not,47C990:B53:3:36:Vecto,,
PIT - N/C SIDE,724,64,,SL High Side - Top Pipe,1,Source4-14°,750,,R132,,,,Not,550DC2:C50:3:37:Vecto,,
BX BOOM BLUE,844,61,,SL High Side - Top Pipe,2,Source4-14°,750,,LHT079+R132,,,,Not,32F590:C39:3:36:Vecto,,
BX BOOM STRAW,834,10,,SL High Side - Top Pipe,3,Source4-14°,750,,R08,,,,Not,5381C1:C22:3:36:Vecto,,
BX BOOM LAV,824,7,,SL High Side - Top Pipe,4,Source4-14°,750,,L137,,,,Not,925869:C0B:3:36:Vecto,,
BX BOOM LT BLUE,814,4,,SL High Side - Top Pipe,5,Source4-14°,750,,L201,,,,Not,827AEC:BF4:3:36:Vecto,,
BX BOOM AMB,804,1,,SL High Side - Top Pipe,6,Source4-14°,750,,R05,,,,Not,8068F6:BDD:3:36:Vecto,,
SPC - SL STAIR,412,68,,SL Box Boom,1,Source4-26°,575,,R132,,,,Not,11DDD5:C67:3:37:Vecto,,
WARMERS,921,72,,SL Box Boom,2,Source4-19°,750,,LHT026+R132,,,,Not,75003A:CAC:3:37:Vecto,,
WARMERS,921,72,,SL Box Boom,3,Source4-19°,750,,LHT026+R132,,,,Not,5AC1B7:C7E:3:37:Vecto,,
WARMERS,921,72,,SL Box Boom,4,Source4-19°,750,,LHT026+R132,,,,Not,9D129:C95:3:37:Vecto,,
LAD - AMB,222,447,,SR Proscenium Pipe,1,Source4-26°,575,,R2002+R132,,,,Not,1D5F29:CC3:3:37:Vecto,,
LAD - CYAN,202,448,,SR Proscenium Pipe,2,Source4-26°,575,,R369+R132,,,,Not,4E3174:CDA:3:37:Vecto,,
LAD - LAV,242,115,,SR Proscenium Pipe,3,Source4-26°,575,,R56+R132,,,,Not,55882B:CF1:3:37:Vecto,,
LAD - MAG,262,116,,SR Proscenium Pipe,4,Source4-26°,575,,R46+R132,,,,Not,5466B:D08:3:37:Vecto,,
LAD - AMB,221,117,,SR Proscenium Pipe,5,Source4-36°,575,,R2002+R132,,,,Not,81B624:D1F:3:37:Vecto,,
LAD - CYAN,201,118,,SR Proscenium Pipe,6,Source4-36°,575,,R369+R132,,,,Not,5F98D2:D36:3:37:Vecto,,
LAD - LAV,241,119,,SR Proscenium Pipe,7,Source4-36°,575,,R56+R132,,,,Not,44BE:D4D:3:37:Vecto,,
LAD - MAG,264,120,,SR Proscenium Pipe,8,Source4-36°,575,,R46+R132,,,,Not,7A681E:D64:3:37:Vecto,,
LAD - AMB,231,399,,SL Proscenium Pipe,1,Source4-26°,575,,R2002+R132,,,,Not,3EEAC:D7B:3:37:Vecto,,
LAD - CYAN,211,400,,SL Proscenium Pipe,2,Source4-26°,575,,R369+R132,,,,Not,979D2D:D92:3:37:Vecto,,
LAD - LAV,251,85,,SL Proscenium Pipe,3,Source4-26°,575,,R56+R132,,,,Not,731198:DA9:3:37:Vecto,,
LAD - MAG,271,86,,SL Proscenium Pipe,4,Source4-26°,575,,R46+R132,,,,Not,2A7187:DC0:3:37:Vecto,,
LAD - AMB,232,87,,SL Proscenium Pipe,5,Source4-36°,575,,R2002+R132,,,,Not,73688D:DD7:3:37:Vecto,,
LAD - CYAN,212,88,,SL Proscenium Pipe,6,Source4-36°,575,,R369+R132,,,,Not,4FC115:DEE:3:37:Vecto,,
LAD - LAV,252,89,,SL Proscenium Pipe,7,Source4-36°,575,,R56+R132,,,,Not,18CCAA:E05:3:37:Vecto,,
LAD - MAG,272,90,,SL Proscenium Pipe,8,Source4-36°,575,,R46+R132,,,,Not,5F65C2:E1C:3:37:Vecto,,
PIT - DOWN,713,91,,Cove - Top Pipe,1,Source4-26°,750,,N/C,,,,Not,E00EC:EBD:3:37:Vecto,,
FRONT - N/C,170,92,,Cove - Top Pipe,2,Source4-19°,750,,R132,,,,Not,8F5AC0:F1A:3:37:Vecto,,
MOV - iCUE (LAMP),507,93,,Cove - Top Pipe,3,Source4-19°,750,,R132,,,,Not,4E8E:E78:3:37:Vecto,,
MOV - iCUE (MIRROR),507,1400,,Cove - Top Pipe,3.1,I-Cue Intelligent Mirror,,,,,,,Not,4D54A7:F76:3:37:Vecto,,
MOV - iCUE (IRIS),507,1404,,Cove - Top Pipe,3.2,DMX Iris for S4,120,,,,,,Not,DC19A:E61:3:37:Vecto,,
FRONT - N/C,169,94,,Cove - Top Pipe,4,Source4-19°,750,,R132,,,,Not,3F70CC:E8F:3:37:Vecto,,
FRONT - N/C,168,550,,Cove - Top Pipe,5,Source4-19°,750,,R132,,,,Not,20C374:F31:3:37:Vecto,,
MOV - iCUE (LAMP),506,549,,Cove - Top Pipe,6,Source4-19°,750,,R132,,,,Not,30AB67:F03:3:37:Vecto,,
MOV - iCUE (MIRROR),506,1395,,Cove - Top Pipe,6.1,I-Cue Intelligent Mirror,,,,,,,Not,343C50:F8D:3:37:Vecto,,
MOV - iCUE (IRIS),506,1399,,Cove - Top Pipe,6.2,DMX Iris for S4,120,,,,,,Not,1B4871:EA6:3:37:Vecto,,
PIT - DOWN,712,110,,Cove - Top Pipe,7,S4 PARNel,750,"7.5"" Barn Door",N/C,,,,Not,3465B6:ED4:3:37:Vecto,,
FRONT - N/C,167,111,,Cove - Top Pipe,8,Source4-19°,750,,R132,,,,Not,26D19C:F48:3:37:Vecto,,
MOV - iCUE (LAMP),505,112,,Cove - Top Pipe,9,Source4-19°,750,,R132,,,,Not,288B64:E4A:3:37:Vecto,,
MOV - iCUE (MIRROR),505,1390,,Cove - Top Pipe,9.1,I-Cue Intelligent Mirror,,,,,,,Not,6AAF6D:FA4:3:37:Vecto,,
MOV - iCUE (IRIS),505,1394,,Cove - Top Pipe,9.2,DMX Iris for S4,120,,,,,,Not,3F28FB:E33:3:37:Vecto,,
FRONT - N/C,166,113,,Cove - Top Pipe,10,Source4-19°,750,,R132,,,,Not,34BB2F:F5F:3:37:Vecto,,
PIT - DOWN,711,114,,Cove - Top Pipe,11,Source4-26°,750,,N/C,,,,Not,67DFCA:EEC:3:37:Vecto,,
FRONT - AMBER,130,95,,Cove - Bottom Pipe,1,Source4-19°,750,,R02+R132,,,,Not,914910:105C:3:37:Vecto,,
FRONT - BLUE,110,96,,Cove - Bottom Pipe,2,Source4-19°,750,,L201+R132,,,,Not,2C4356:1073:3:37:Vecto,,
FRONT - PINK,150,97,,Cove - Bottom Pipe,3,Source4-19°,750,,R34+R132,,,,Not,3C2122:108A:3:37:Vecto,,
FRONT - AMBER,129,98,,Cove - Bottom Pipe,4,Source4-19°,750,,R02+R132,,,,Not,140DB0:10A1:3:37:Vecto,,
FRONT - BLUE,109,99,,Cove - Bottom Pipe,5,Source4-19°,750,,L201+R132,,,,Not,8AC028:10B8:3:37:Vecto,,
FRONT - PINK,149,100,,Cove - Bottom Pipe,6,Source4-19°,750,,R34+R132,,,,Not,15B6C:10CF:3:37:Vecto,,
FRONT - AMBER,128,101,,Cove - Bottom Pipe,7,Source4-19°,750,,R02+R132,,,,Not,673BD1:10E6:3:37:Vecto,,
FRONT - BLUE,108,102,,Cove - Bottom Pipe,8,Source4-19°,750,,L201+R132,,,,Not,2215E3:10FD:3:37:Vecto,,
FRONT - PINK,148,103,,Cove - Bottom Pipe,9,Source4-19°,750,,R34+R132,,,,Not,1D4831:102E:3:37:Vecto,,
FRONT - AMBER,127,104,,Cove - Bottom Pipe,10,Source4-19°,750,,R02+R132,,,,Not,85B952:1045:3:37:Vecto,,
FRONT - BLUE,107,105,,Cove - Bottom Pipe,11,Source4-19°,750,,L201+R132,,,,Not,311A02:FE9:3:37:Vecto,,
FRONT - PINK,147,106,,Cove - Bottom Pipe,12,Source4-19°,750,,R34+R132,,,,Not,537F5F:1000:3:37:Vecto,,
FRONT - AMBER,126,107,,Cove - Bottom Pipe,13,Source4-19°,750,,R02+R132,,,,Not,4D203A:1017:3:37:Vecto,,
FRONT - BLUE,106,108,,Cove - Bottom Pipe,14,Source4-19°,750,,L201+R132,,,,Not,3C8217:FBB:3:37:Vecto,,
FRONT - PINK,146,109,,Cove - Bottom Pipe,15,Source4-19°,750,,R34+R132,,,,Not,2321A2:FD2:3:37:Vecto,,
SPC - SR STAIR,411,80,,SR Box Boom,1,Source4-26°,575,,R132,,,,Not,6D068:1114:3:37:Vecto,,
WARMERS,921,79,,SR Box Boom,2,Source4-19°,750,,LHT026+R132,,,,Not,488E2F:1159:3:37:Vecto,,
WARMERS,921,79,,SR Box Boom,3,Source4-19°,750,,LHT026+R132,,,,Not,48E50C:112B:3:37:Vecto,,
WARMERS,921,79,,SR Box Boom,4,Source4-19°,750,,LHT026+R132,,,,Not,4ACD41:1142:3:37:Vecto,,
LAD - AMB,230,356,,SR #4 Ladder,1,Source4-26°,575,,R2002+R132,,,,Not,20C9BB:1170:3:37:Vecto,,
LAD - CYAN,210,355,,SR #4 Ladder,2,Source4-26°,575,,R369+R132,,,,Not,304BF3:1187:3:37:Vecto,,
LAD - LAV,250,475,,SR #4 Ladder,3,Source4-26°,575,,R56+R132,,,,Not,8B04DE:119E:3:37:Vecto,,
LAD - MAG,270,476,,SR #4 Ladder,4,Source4-26°,575,,R46+R132,,,,Not,7E0B0C:11B5:3:37:Vecto,,
LAD - AMB,229,477,,SR #4 Ladder,5,Source4-36°,575,,R2002+R132,,,,Not,56322B:11CC:3:37:Vecto,,
LAD - CYAN,209,478,,SR #4 Ladder,6,Source4-36°,575,,R369+R132,,,,Not,5CEB23:11E3:3:37:Vecto,,
LAD - LAV,249,479,,SR #4 Ladder,7,Source4-36°,575,,R56+R132,,,,Not,585290:11FA:3:37:Vecto,,
LAD - MAG,269,480,,SR #4 Ladder,8,Source4-36°,575,,R46+R132,,,,Not,2C388E:1211:3:37:Vecto,,
LAD - AMB,228,358,,SR #3 Ladder,1,Source4-26°,575,,R2002+R132,,,,Not,40296E:1228:3:37:Vecto,,
LAD - CYAN,208,357,,SR #3 Ladder,2,Source4-26°,575,,R369+R132,,,,Not,4B20D6:123F:3:37:Vecto,,
LAD - LAV,248,463,,SR #3 Ladder,3,Source4-26°,575,,R56+R132,,,,Not,83FD54:1256:3:37:Vecto,,
LAD - MAG,268,464,,SR #3 Ladder,4,Source4-26°,575,,R46+R132,,,,Not,4107BB:126D:3:38:Vecto,,
LAD - AMB,227,465,,SR #3 Ladder,5,Source4-36°,575,,R2002+R132,,,,Not,764773:1284:3:38:Vecto,,
LAD - CYAN,207,466,,SR #3 Ladder,6,Source4-36°,575,,R369+R132,,,,Not,2EABE1:129B:3:38:Vecto,,
LAD - LAV,247,467,,SR #3 Ladder,7,Source4-36°,575,,R56+R132,,,,Not,52C2E6:12B2:3:38:Vecto,,
LAD - MAG,267,468,,SR #3 Ladder,8,Source4-36°,575,,R46+R132,,,,Not,7552E3:12C9:3:38:Vecto,,
LAD - AMB,226,360,,SR #2 Ladder,1,Source4-26°,575,,R2002+R132,,,,Not,6EF457:12E0:3:38:Vecto,,
LAD - CYAN,206,359,,SR #2 Ladder,2,Source4-26°,575,,R369+R132,,,,Not,934284:12F7:3:38:Vecto,,
LAD - LAV,246,451,,SR #2 Ladder,3,Source4-26°,575,,R56+R132,,,,Not,638097:130E:3:38:Vecto,,
LAD - MAG,266,452,,SR #2 Ladder,4,Source4-26°,575,,R46+R132,,,,Not,355634:1325:3:38:Vecto,,
LAD - AMB,225,453,,SR #2 Ladder,5,Source4-36°,575,,R2002+R132,,,,Not,1A77A6:133C:3:38:Vecto,,
LAD - CYAN,204,454,,SR #2 Ladder,6,Source4-36°,575,,R369+R132,,,,Not,78A142:1353:3:38:Vecto,,
LAD - LAV,245,455,,SR #2 Ladder,7,Source4-36°,575,,R56+R132,,,,Not,12801:136A:3:38:Vecto,,
LAD - MAG,265,456,,SR #2 Ladder,8,Source4-36°,575,,R46+R132,,,,Not,119B0E:1381:3:38:Vecto,,
LAD - AMB,224,445,,SR #1 Ladder,1,Source4-26°,575,,R2002+R132,,,,Not,85906F:1398:3:38:Vecto,,
LAD - CYAN,204,446,,SR #1 Ladder,2,Source4-26°,575,,R369+R132,,,,Not,4F3946:13AF:3:38:Vecto,,
LAD - LAV,244,439,,SR #1 Ladder,3,Source4-26°,575,,R56+R132,,,,Not,75B67D:13C6:3:38:Vecto,,
LAD - MAG,264,440,,SR #1 Ladder,4,Source4-26°,575,,R46+R132,,,,Not,214DF5:13DD:3:38:Vecto,,
LAD - AMB,223,441,,SR #1 Ladder,5,Source4-36°,575,,R2002+R132,,,,Not,9425B9:13F4:3:38:Vecto,,
LAD - CYAN,203,442,,SR #1 Ladder,6,Source4-36°,575,,R369+R132,,,,Not,76FB96:140B:3:38:Vecto,,
LAD - LAV,243,443,,SR #1 Ladder,7,Source4-36°,575,,R56+R132,,,,Not,8A6F5A:1422:3:38:Vecto,,
LAD - MAG,263,444,,SR #1 Ladder,8,Source4-36°,575,,R46+R132,,,,Not,26D1DF:1439:3:38:Vecto,,
HEADS,634,481,,SR #4 Boom,1,Source4-36°,575,,R54,,,,Not,6E02B5:1450:3:38:Vecto,,
MIDS HI,624,482,,SR #4 Boom,2,Source4-36°,575,,R55,,,,Not,1D043A:1467:3:38:Vecto,,
MIDS LOW,614,483,,SR #4 Boom,3,Source4-36°,575,,R04,,,,Not,46507E:147E:3:38:Vecto,,
SHINS,604,484,,SR #4 Boom,4,Source4-36°,575,,L201,,,,Not,6642F0:1495:3:38:Vecto,,
HEADS,633,469,,SR #3 Boom,1,Source4-36°,575,,R54,,,,Not,8C58F4:14AC:3:38:Vecto,,
MIDS HI,623,470,,SR #3 Boom,2,Source4-36°,575,,R55,,,,Not,142513:14C3:3:38:Vecto,,
MIDS LOW,613,471,,SR #3 Boom,3,Source4-36°,575,,R04,,,,Not,55FECA:14DA:3:38:Vecto,,
SHINS,603,472,,SR #3 Boom,4,Source4-36°,575,,L201,,,,Not,2A9C46:14F1:3:38:Vecto,,
HEADS,632,457,,SR #2 Boom,1,Source4-36°,575,,R54,,,,Not,7508AB:1508:3:38:Vecto,,
MIDS HI,622,458,,SR #2 Boom,2,Source4-36°,575,,R55,,,,Not,71B1FF:151F:3:38:Vecto,,
MIDS LOW,612,459,,SR #2 Boom,3,Source4-36°,575,,R04,,,,Not,4FF3EB:1536:3:38:Vecto,,
SHINS,602,460,,SR #2 Boom,4,Source4-36°,575,,L201,,,,Not,707601:154D:3:38:Vecto,,
HEADS,631,139,,SR #1 Boom,1,Source4-36°,575,,R54,,,,Not,7841B3:1564:3:38:Vecto,,
MIDS HI,621,140,,SR #1 Boom,2,Source4-36°,575,,R55,,,,Not,498D27:157B:3:38:Vecto,,
MIDS LOW,611,141,,SR #1 Boom,3,Source4-36°,575,,R04,,,,Not,93A20F:1592:3:38:Vecto,,
SHINS,601,142,,SR #1 Boom,4,Source4-36°,575,,L201,,,,Not,251E4:15A9:3:38:Vecto,,
LAD - AMB,239,344,,SL #4 Ladder,1,Source4-26°,575,,R2002+R132,,,,Not,55E87D:15C0:3:38:Vecto,,
LAD - CYAN,219,343,,SL #4 Ladder,2,Source4-26°,575,,R369+R132,,,,Not,452386:15D7:3:38:Vecto,,
LAD - LAV,259,427,,SL #4 Ladder,3,Source4-26°,575,,R56+R132,,,,Not,3367B3:15EE:3:38:Vecto,,
LAD - MAG,279,428,,SL #4 Ladder,4,Source4-26°,575,,R46+R132,,,,Not,4852CA:1605:3:38:Vecto,,
LAD - AMB,240,429,,SL #4 Ladder,5,Source4-36°,575,,R2002+R132,,,,Not,45BF01:161C:3:38:Vecto,,
LAD - CYAN,220,430,,SL #4 Ladder,6,Source4-36°,575,,R369+R132,,,,Not,213187:1633:3:38:Vecto,,
LAD - LAV,260,431,,SL #4 Ladder,7,Source4-36°,575,,R56+R132,,,,Not,91805B:164A:3:38:Vecto,,
LAD - MAG,280,432,,SL #4 Ladder,8,Source4-36°,575,,R46+R132,,,,Not,85C126:1661:3:39:Vecto,,
LAD - AMB,237,346,,SL #3 Ladder,1,Source4-26°,575,,R2002+R132,,,,Not,7E222E:1678:3:39:Vecto,,
LAD - CYAN,217,345,,SL #3 Ladder,2,Source4-26°,575,,R369+R132,,,,Not,236377:168F:3:39:Vecto,,
LAD - LAV,257,415,,SL #3 Ladder,3,Source4-26°,575,,R56+R132,,,,Not,5102B:16A6:3:39:Vecto,,
LAD - MAG,277,416,,SL #3 Ladder,4,Source4-26°,575,,R46+R132,,,,Not,80F4E1:16BD:3:39:Vecto,,
LAD - AMB,238,417,,SL #3 Ladder,5,Source4-36°,575,,R2002+R132,,,,Not,387806:16D4:3:39:Vecto,,
LAD - CYAN,218,418,,SL #3 Ladder,6,Source4-36°,575,,R369+R132,,,,Not,4147F0:16EB:3:39:Vecto,,
LAD - LAV,258,419,,SL #3 Ladder,7,Source4-36°,575,,R56+R132,,,,Not,418E6B:1702:3:39:Vecto,,
LAD - MAG,278,420,,SL #3 Ladder,8,Source4-36°,575,,R46+R132,,,,Not,69593E:1719:3:39:Vecto,,
LAD - AMB,235,348,,SL #2 Ladder,1,Source4-26°,575,,R2002+R132,,,,Not,2761E9:1730:3:39:Vecto,,
LAD - CYAN,215,347,,SL #2 Ladder,2,Source4-26°,575,,R369+R132,,,,Not,76A23D:1747:3:39:Vecto,,
LAD - LAV,255,403,,SL #2 Ladder,3,Source4-26°,575,,R56+R132,,,,Not,424784:175E:3:39:Vecto,,
LAD - MAG,275,404,,SL #2 Ladder,4,Source4-26°,575,,R46+R132,,,,Not,89A8D6:1775:3:39:Vecto,,
LAD - AMB,236,405,,SL #2 Ladder,5,Source4-36°,575,,R2002+R132,,,,Not,62D108:178C:3:39:Vecto,,
LAD - CYAN,216,406,,SL #2 Ladder,6,Source4-36°,575,,R369+R132,,,,Not,26AA88:17A3:3:39:Vecto,,
LAD - LAV,256,407,,SL #2 Ladder,7,Source4-36°,575,,R56+R132,,,,Not,3AF516:17BA:3:39:Vecto,,
LAD - MAG,276,408,,SL #2 Ladder,8,Source4-36°,575,,R46+R132,,,,Not,86E44B:17D1:3:39:Vecto,,
LAD - AMB,233,397,,SL #1 Ladder,1,Source4-26°,575,,R2002+R132,,,,Not,49C92F:17E8:3:39:Vecto,,
LAD - CYAN,213,398,,SL #1 Ladder,2,Source4-26°,575,,R369+R132,,,,Not,638FFA:17FF:3:39:Vecto,,
LAD - LAV,253,391,,SL #1 Ladder,3,Source4-26°,575,,R56+R132,,,,Not,E8EB1:1816:3:39:Vecto,,
LAD - MAG,273,392,,SL #1 Ladder,4,Source4-26°,575,,R46+R132,,,,Not,292C0A:182D:3:39:Vecto,,
LAD - AMB,234,393,,SL #1 Ladder,5,Source4-36°,575,,R2002+R132,,,,Not,2DF545:1844:3:39:Vecto,,
LAD - CYAN,214,394,,SL #1 Ladder,6,Source4-36°,575,,R369+R132,,,,Not,7FC5B1:185B:3:39:Vecto,,
LAD - LAV,254,395,,SL #1 Ladder,7,Source4-36°,575,,R56+R132,,,,Not,628413:1872:3:39:Vecto,,
LAD - MAG,274,396,,SL #1 Ladder,8,Source4-36°,575,,R46+R132,,,,Not,2EB7AB:1889:3:39:Vecto,,
HEADS,638,433,,SL #4 Boom,1,Source4-36°,575,,R54,,,,Not,3FE0D:18A0:3:39:Vecto,,
MIDS HI,628,434,,SL #4 Boom,2,Source4-36°,575,,R55,,,,Not,93ADAC:18B7:3:39:Vecto,,
MIDS LOW,618,435,,SL #4 Boom,3,Source4-36°,575,,R04,,,,Not,A50CB:18CE:3:39:Vecto,,
SHINS,608,436,,SL #4 Boom,4,Source4-36°,575,,L201,,,,Not,A6FBF:18E5:3:39:Vecto,,
HEADS,637,421,,SL #3 Boom,1,Source4-36°,575,,R54,,,,Not,802B0B:18FC:3:39:Vecto,,
MIDS HI,627,422,,SL #3 Boom,2,Source4-36°,575,,R55,,,,Not,39BC1E:1913:3:39:Vecto,,
MIDS LOW,617,423,,SL #3 Boom,3,Source4-36°,575,,R04,,,,Not,3C8BD9:192A:3:39:Vecto,,
SHINS,607,424,,SL #3 Boom,4,Source4-36°,575,,L201,,,,Not,45F6A6:1941:3:39:Vecto,,
HEADS,636,409,,SL #2 Boom,1,Source4-36°,575,,R54,,,,Not,84D709:1958:3:39:Vecto,,
MIDS HI,626,410,,SL #2 Boom,2,Source4-36°,575,,R55,,,,Not,7BCEA9:196F:3:39:Vecto,,
MIDS LOW,616,411,,SL #2 Boom,3,Source4-36°,575,,R04,,,,Not,73EE93:1986:3:39:Vecto,,
SHINS,606,412,,SL #2 Boom,4,Source4-36°,575,,L201,,,,Not,68E2FB:199D:3:39:Vecto,,
HEADS,635,127,,SL #1 Boom,1,Source4-36°,575,,R54,,,,Not,74D953:19B4:3:39:Vecto,,
MIDS HI,625,128,,SL #1 Boom,2,Source4-36°,575,,R55,,,,Not,809282:19CB:3:39:Vecto,,
MIDS LOW,615,129,,SL #1 Boom,3,Source4-36°,575,,R04,,,,Not,4A1D3B:19E2:3:39:Vecto,,
SHINS,605,130,,SL #1 Boom,4,Source4-36°,575,,L201,,,,Not,6AC879:19F9:3:39:Vecto,,
MOV - VL2500,532,,3/465,#9 ELECTRIC,1,VL2500 Spot,700,,,,,,Not,97FF55:451:3:36:Vecto,3,465
MOV - VL2500,531,,3/465,#9 ELECTRIC,2,VL2500 Spot,700,,,,,,Not,3957D0:4DB:3:36:Vecto,3,465
MOV - VL2500,530,,3/465,#9 ELECTRIC,3,VL2500 Spot,700,,,,,,Not,803CD5:4F2:3:36:Vecto,3,465
MOV - VL2500,529,,3/465,#9 ELECTRIC,4,VL2500 Spot,700,,,,,,Not,201A94:468:3:36:Vecto,3,465
PIPE END TEMP,297,283,,#6 ELECTRIC,1,Source4-36°,575,,L202,G370,,,Not,414AA1:275C:4:1:Vecto,,
PIPE END BLUE,287,284,,#6 ELECTRIC,2,Source4-36°,575,,R3220+R119,,,,Not,2476BB:2745:4:1:Vecto,,
PIPE END TEMP,297,285,,#6 ELECTRIC,3,Source4-26°,575,,L202,G370,,,Not,1172F6:272E:4:1:Vecto,,
PIPE END BLUE,287,287,,#6 ELECTRIC,4,Source4-26°,575,,R3220+R119,,,,Not,60FDC5:2717:4:1:Vecto,,
TEMP BACKS,93,286,,#6 ELECTRIC,5,Source4-26°,575,,N/C,G579-A,,,Not,611BB9:20E4:3:3B:Vecto,,
SPC - OVERHEAD,406,288,,#6 ELECTRIC,6,Source4-26°,575,,R119,,,,Not,8D80F4:226B:4:0:Vecto,,
TEMP BACKS,92,299,,#6 ELECTRIC,7,Source4-26°,575,,N/C,G579-A,,,Not,736A66:20FB:3:3B:Vecto,,
MOV - VL2500,528,,3/465,#6 ELECTRIC,8,VL2500 Spot,700,,,,,,Not,425CD2:423:3:36:Vecto,3,465
TEMP BACKS,91,298,,#6 ELECTRIC,9,Source4-26°,575,,N/C,G579-A,,,Not,8540F0:2112:3:3B:Vecto,,
MOV - VL3500,514,,,#6 ELECTRIC,10,VL3000 Spot,1200,,,,,,Not,1A51C7:520:3:36:Vecto,,
SPC - OVERHEAD,405,297,,#6 ELECTRIC,11,Source4-26°,575,,R119,,,,Not,979D97:2282:4:0:Vecto,,
MOV - VL2500,527,,3/465,#6 ELECTRIC,12,VL2500 Spot,700,,,,,,Not,48BE9A:43A:3:36:Vecto,3,465
TEMP BACKS,91,296,,#6 ELECTRIC,13,Source4-26°,575,,N/C,G579-A,,,Not,24E54D:2129:4:0:Vecto,,
SPC - OVERHEAD,404,295,,#6 ELECTRIC,14,Source4-26°,575,,R119,,,,Not,485AD3:2299:4:0:Vecto,,
TEMP BACKS,89,293,,#6 ELECTRIC,15,Source4-26°,575,,N/C,G579-A,,,Not,1B8620:2140:4:0:Vecto,,
PIPE END BLUE,283,292,,#6 ELECTRIC,16,Source4-26°,575,,R3220+R119,,,,Not,141DBF:2773:4:1:Vecto,,
PIPE END TEMP,293,291,,#6 ELECTRIC,17,Source4-26°,575,,L202,G370,,,Not,598B6F:278A:4:1:Vecto,,
PIPE END BLUE,283,290,,#6 ELECTRIC,18,Source4-36°,575,,R3220+R119,,,,Not,93FB34:27A1:4:1:Vecto,,
PIPE END TEMP,293,289,,#6 ELECTRIC,19,Source4-36°,575,,L202,G370,,,Not,96A882:27B8:4:1:Vecto,,
BACK - AMBER,28,263,,#5 ELECTRIC,1,Source4 PAR WFL,750,,L021,,,,Not,895DC3:209F:3:3B:Vecto,,
BACK - BLUE,8,277,,#5 ELECTRIC,2,Source4 PAR WFL,750,,R2006,,,,Not,1F8A85:20CD:3:3B:Vecto,,
BACK - RED,48,264,,#5 ELECTRIC,3,Source4 PAR WFL,750,,LHT026,,,,Not,7F184C:2088:3:3B:Vecto,,
BACK - LAV,68,278,,#5 ELECTRIC,4,Source4 PAR WFL,750,,R58,,,,Not,916128:20B6:3:3B:Vecto,,
MOV - VL2500,526,,3/465,#5 ELECTRIC,5,VL2500 Spot,700,,,,,,Not,5FFA83:4C4:3:36:Vecto,3,465
BACK - AMBER,27,279,,#5 ELECTRIC,6,Source4 PAR WFL,750,,L021,,,,Not,67449A:2043:3:3B:Vecto,,
BACK - BLUE,7,280,,#5 ELECTRIC,7,Source4 PAR WFL,750,,R2006,,,,Not,35AAA0:2071:3:3B:Vecto,,
BACK - RED,47,281,,#5 ELECTRIC,8,Source4 PAR WFL,750,,LHT026,,,,Not,8C615B:202C:3:3B:Vecto,,
BACK - LAV,67,282,,#5 ELECTRIC,9,Source4 PAR WFL,750,,R58,,,,Not,62FCD:205A:3:3B:Vecto,,
BACK - AMBER,26,276,,#5 ELECTRIC,10,Source4 PAR WFL,750,,L021,,,,Not,59592C:1FA2:3:3B:Vecto,,
BACK - BLUE,6,275,,#5 ELECTRIC,11,Source4 PAR WFL,750,,R2006,,,,Not,66DCE9:1F74:3:3B:Vecto,,
BACK - RED,46,274,,#5 ELECTRIC,12,Source4 PAR WFL,750,,LHT026,,,,Not,634E99:1FB9:3:3B:Vecto,,
BACK - LAV,66,273,,#5 ELECTRIC,13,Source4 PAR WFL,750,,R58,,,,Not,3CBB6F:1F8B:3:3B:Vecto,,
MOV - VL2500,525,,3/465,#5 ELECTRIC,14,VL2500 Spot,700,,,,,,Not,1F6877:4AD:3:36:Vecto,3,465
BACK - AMBER,25,272,,#5 ELECTRIC,15,Source4 PAR WFL,750,,L021,,,,Not,4E5894:1FFE:3:3B:Vecto,,
BACK - BLUE,5,271,,#5 ELECTRIC,16,Source4 PAR WFL,750,,R2006,,,,Not,272E77:1FD0:3:3B:Vecto,,
BACK - RED,45,270,,#5 ELECTRIC,17,Source4 PAR WFL,750,,LHT026,,,,Not,46F03D:2015:3:3B:Vecto,,
BACK - LAV,65,269,,#5 ELECTRIC,18,Source4 PAR WFL,750,,R58,,,,Not,90C952:1FE7:3:3B:Vecto,,
PIPE END TEMP,296,253,,#4 ELECTRIC,1,Source4-36°,575,,L202,G370,,,Not,3EB4FA:2814:4:2:Vecto,,
PIPE END BLUE,286,254,,#4 ELECTRIC,2,Source4-36°,575,,R3220+R119,,,,Not,756625:27FD:4:2:Vecto,,
PIPE END TEMP,296,255,,#4 ELECTRIC,3,Source4-26°,575,,L202,G370,,,Not,73810:27E6:4:1:Vecto,,
PIPE END BLUE,286,256,,#4 ELECTRIC,4,Source4-26°,575,,R3220+R119,,,,Not,6A05B5:27CF:4:1:Vecto,,
FRONT - AMBER,136,231,,#4 ELECTRIC,5,Source4-36°,575,,R02+R132,,,,Not,1A1D9E:21E1:4:0:Vecto,,
FRONT - BLUE,117,232,,#4 ELECTRIC,6,Source4-36°,575,,L201+R132,,,,Not,1F8750:21F8:4:0:Vecto,,
TEMP BACKS,88,236,,#4 ELECTRIC,7,Source4-26°,575,,N/C,G579-A,,,Not,791F30:1DBF:3:3A:Vecto,,
FRONT - PINK,156,233,,#4 ELECTRIC,8,Source4-36°,575,,R34+R132,,,,Not,6966EE:220F:4:0:Vecto,,
FRONT - N/C,176,237,,#4 ELECTRIC,9,Source4-36°,575,,R132,,,,Not,336863:2226:4:0:Vecto,,
WORKS,911,542,,#4 ELECTRIC,10,Q-Lite,500,,N/C,,,,Not,4EB573:1DA8:3:3A:Vecto,,
FRONT - AMBER,135,238,,#4 ELECTRIC,11,Source4-36°,575,,R02+R132,,,,Not,43000F:223D:4:0:Vecto,,
FRONT - BLUE,116,239,,#4 ELECTRIC,12,Source4-36°,575,,L201+R132,,,,Not,2AA2A5:2254:4:0:Vecto,,
TEMP BACKS,87,252,,#4 ELECTRIC,13,Source4-26°,575,,N/C,G579-A,,,Not,288727:1F5D:3:3B:Vecto,,
FRONT - PINK,155,251,,#4 ELECTRIC,14,Source4-36°,575,,R34+R132,,,,Not,507B4:21CA:4:0:Vecto,,
FRONT - N/C,175,250,,#4 ELECTRIC,15,Source4-36°,575,,R132,,,,Not,5DFF20:21B3:4:0:Vecto,,
WORKS,911,542,,#4 ELECTRIC,16,Q-Lite,500,,N/C,,,,Not,7A7E5D:247C:4:1:Vecto,,
FRONT - AMBER,134,249,,#4 ELECTRIC,17,Source4-36°,575,,R02+R132,,,,Not,305793:219C:4:0:Vecto,,
FRONT - BLUE,115,248,,#4 ELECTRIC,18,Source4-36°,575,,L201+R132,,,,Not,7FC5A3:2185:4:0:Vecto,,
TEMP BACKS,86,247,,#4 ELECTRIC,19,Source4-26°,575,,N/C,G579-A,,,Not,6F36D1:1DD6:3:3A:Vecto,,
FRONT - PINK,154,246,,#4 ELECTRIC,20,Source4-36°,575,,R34+R132,,,,Not,4E1593:216E:4:0:Vecto,,
FRONT - N/C,174,245,,#4 ELECTRIC,21,Source4-36°,575,,R132,,,,Not,6BD7E0:2157:4:0:Vecto,,
PIPE END BLUE,282,226,,#4 ELECTRIC,22,Source4-26°,575,"6.25"" Color Extender",R3220+R119,,,,Not,6CF1BD:282B:4:2:Vecto,,
PIPE END TEMP,292,225,,#4 ELECTRIC,23,Source4-26°,575,,L202,G370,,,Not,12C393:2843:4:2:Vecto,,
PIPE END BLUE,282,224,,#4 ELECTRIC,24,Source4-36°,575,"6.25"" Color Extender",R3220+R119,,,,Not,74776B:285A:4:2:Vecto,,
PIPE END TEMP,292,223,,#4 ELECTRIC,25,Source4-36°,575,,L202,G370,,,Not,75206F:2872:4:2:Vecto,,
WORKS,911,522,,#3 ELECTRIC,1,Q-Lite,500,,N/C,,,,Not,237D98:1D63:3:3A:Vecto,,
BACK - AMBER,24,207,,#3 ELECTRIC,2,Source4 PAR WFL,750,,L021,,,,Not,347CE5:1F18:3:3B:Vecto,,
BACK - BLUE,4,213,,#3 ELECTRIC,3,Source4 PAR WFL,750,,R2006,,,,Not,78C801:1F46:3:3B:Vecto,,
BACK - RED,44,208,,#3 ELECTRIC,4,Source4 PAR WFL,750,,LHT026,,,,Not,4F0F39:1F01:3:3B:Vecto,,
BACK - LAV,64,214,,#3 ELECTRIC,5,Source4 PAR WFL,750,,R58,,,,Not,B2A0A:1F2F:3:3B:Vecto,,
MOV - VL2500,524,,3/465,#3 ELECTRIC,6,VL2500 Spot,700,,,,,,Not,34F2C0:509:3:36:Vecto,3,465
BACK - AMBER,23,209,,#3 ELECTRIC,7,Source4 PAR WFL,750,,L021,,,,Not,824C17:1EBC:3:3B:Vecto,,
BACK - BLUE,3,215,,#3 ELECTRIC,8,Source4 PAR WFL,750,,R2006,,,,Not,7CB6C2:1EEA:3:3B:Vecto,,
BACK - RED,43,210,,#3 ELECTRIC,9,Source4 PAR WFL,750,,LHT026,,,,Not,42B7F2:1EA5:3:3B:Vecto,,
BACK - LAV,63,216,,#3 ELECTRIC,10,Source4 PAR WFL,750,,R58,,,,Not,166369:1ED3:3:3B:Vecto,,
WORKS,911,522,,#3 ELECTRIC,11,Q-Lite,500,,N/C,,,,Not,5DBB47:1D91:3:3A:Vecto,,
BACK - AMBER,22,222,,#3 ELECTRIC,12,Source4 PAR WFL,750,,L021,,,,Not,1F01AF:1E1B:3:3A:Vecto,,
BACK - BLUE,2,221,,#3 ELECTRIC,13,Source4 PAR WFL,750,,R2006,,,,Not,6BC046:1DED:3:3A:Vecto,,
BACK - RED,42,220,,#3 ELECTRIC,14,Source4 PAR WFL,750,,LHT026,,,,Not,45A825:1E32:3:3B:Vecto,,
BACK - LAV,62,219,,#3 ELECTRIC,15,Source4 PAR WFL,750,,R58,,,,Not,96E8E5:1E04:3:3A:Vecto,,
MOV - VL2500,523,,3/465,#3 ELECTRIC,16,VL2500 Spot,700,,,,,,Not,3F1A94:5AA:3:36:Vecto,3,465
BACK - AMBER,21,218,,#3 ELECTRIC,17,Source4 PAR WFL,750,,L021,,,,Not,6A2877:1E77:3:3B:Vecto,,
BACK - BLUE,1,217,,#3 ELECTRIC,18,Source4 PAR WFL,750,,R2006,,,,Not,878345:1E49:3:3B:Vecto,,
BACK - RED,41,204,,#3 ELECTRIC,19,Source4 PAR WFL,750,,LHT026,,,,Not,FC440:1E8E:3:3B:Vecto,,
BACK - LAV,61,203,,#3 ELECTRIC,20,Source4 PAR WFL,750,,R58,,,,Not,966FC8:1E60:3:3B:Vecto,,
WORKS,911,522,,#3 ELECTRIC,21,Q-Lite,500,,N/C,,,,Not,729FD5:1D7A:3:3A:Vecto,,
PIPE END TEMP,295,187,,#2 ELECTRIC,1,Source4-36°,575,,L202,G370,,,Not,6617F5:28CE:4:2:Vecto,,
PIPE END BLUE,285,188,,#2 ELECTRIC,2,Source4-36°,575,,R3220+R119,,,,Not,CD912:28B7:4:2:Vecto,,
PIPE END TEMP,295,189,,#2 ELECTRIC,3,Source4-26°,575,,L202,G370,,,Not,520979:28A0:4:2:Vecto,,
PIPE END BLUE,285,190,,#2 ELECTRIC,4,Source4-26°,575,,R3220+R119,,,,Not,484503:2889:4:2:Vecto,,
TEMP BACKS,85,191,,#2 ELECTRIC,5,Source4-26°,575,,N/C,G579-A,,,Not,79F7E6:2493:4:1:Vecto,,
MOV - VL2500,522,,3/465,#2 ELECTRIC,6,VL2500 Spot,700,,,,,,Not,3E5E45:47F:3:36:Vecto,3,465
TEMP BACKS,84,182,,#2 ELECTRIC,7,Source4-26°,575,,N/C,G579-A,,,Not,1947AE:24AA:4:1:Vecto,,
MOV - VL3500,513,,,#2 ELECTRIC,8,VL3000 Spot,1200,,,,,,Not,6EDC66:565:3:36:Vecto,,
MOV - iCUE (MIRROR),502,1410,,#2 ELECTRIC,9,I-Cue Intelligent Mirror,,,,,,,Not,73B28C:2465:4:0:Vecto,,
MOV - iCUE (IRIS),502,1414,,#2 ELECTRIC,9.2,DMX Iris for S4,120,,,,,,Not,116AEA:2420:4:0:Vecto,,
MOV - iCUE (LAMP),502,184,,#2 ELECTRIC,10,Source4-19°,750,,R132,,,,Not,1495D7:1CF0:3:3A:Vecto,,
MOV - VL3500,512,,,#2 ELECTRIC,10,VL3000 Spot,1200,,,,,,Not,51F89B:537:3:36:Vecto,,
MOV - iCUE (IRIS),501,1419,,#2 ELECTRIC,10.2,DMX Iris for S4,120,,,,,,Not,40EDFF:2437:4:0:Vecto,,
MOV - iCUE (LAMP),501,185,,#2 ELECTRIC,11,Source4-19°,750,,R132,,,,Not,23FB60:1D07:3:3A:Vecto,,
MOV - iCUE (MIRROR),501,1415,,#2 ELECTRIC,12,I-Cue Intelligent Mirror,,,,,,,Not,730041:244E:4:0:Vecto,,
MOV - VL3500,511,,,#2 ELECTRIC,12,VL3000 Spot,1200,,,,,,Not,8C7EB4:54E:3:36:Vecto,,
TEMP BACKS,82,186,,#2 ELECTRIC,13,Source4-26°,575,,N/C,G579-A,,,Not,46CEED:24C1:4:1:Vecto,,
MOV - VL2500,521,,3/465,#2 ELECTRIC,14,VL2500 Spot,700,,,,,,Not,3C9175:496:3:36:Vecto,3,465
TEMP BACKS,81,194,,#2 ELECTRIC,15,Source4-26°,575,,N/C,G579-A,,,Not,8578DA:24D8:4:1:Vecto,,
PIPE END BLUE,281,195,,#2 ELECTRIC,16,Source4-26°,575,,R3220+R119,,,,Not,4DA2BF:28E5:4:2:Vecto,,
PIPE END TEMP,291,196,,#2 ELECTRIC,17,Source4-26°,575,,L202,G370,,,Not,8E90D6:28FC:4:2:Vecto,,
PIPE END BLUE,281,197,,#2 ELECTRIC,18,Source4-36°,575,,R3220+R119,,,,Not,83819C:2913:4:2:Vecto,,
PIPE END TEMP,291,198,,#2 ELECTRIC,19,Source4-36°,575,,L202,G370,,,Not,5B1904:292A:4:2:Vecto,,
SPC - OVERHEAD,403,154,,#1 ELECTRIC,1,Source4-26°,575,,R119,,,,Not,5BB455:25A7:4:1:Vecto,,
FRONT - AMBER,133,158,,#1 ELECTRIC,2,Source4-36°,575,,R02+R132,,,,Not,92A96B:25BE:4:1:Vecto,,
FRONT - BLUE,114,159,,#1 ELECTRIC,3,Source4-36°,575,,L201+R132,,,,Not,8AE317:25D5:4:1:Vecto,,
FRONT - PINK,153,155,,#1 ELECTRIC,4,Source4-36°,575,,R34+R132,,,,Not,92C0E8:25EC:4:1:Vecto,,
FRONT - N/C,173,160,,#1 ELECTRIC,5,Source4-36°,575,,R132,,,,Not,1EE70F:2603:4:1:Vecto,,
FRONT - AMBER,132,156,,#1 ELECTRIC,6,Source4-36°,575,,R02+R132,,,,Not,6A7C51:261A:4:1:Vecto,,
FRONT - BLUE,113,161,,#1 ELECTRIC,7,Source4-36°,575,,L201+R132,,,,Not,33A574:2631:4:1:Vecto,,
TEMP BACKS,83,162,,#1 ELECTRIC,8,Source4-26°,575,,N/C,G579-A,,,Not,795FE4:2590:4:1:Vecto,,
SPC - OVERHEAD,402,180,,#1 ELECTRIC,9,Source4-26°,575,,R119,,,,Not,3FB916:2648:4:1:Vecto,,
FRONT - PINK,152,179,,#1 ELECTRIC,10,Source4-36°,575,,R34+R132,,,,Not,55D04A:2579:4:1:Vecto,,
FRONT - N/C,172,174,,#1 ELECTRIC,11,Source4-36°,575,,R132,,,,Not,34B680:2562:4:1:Vecto,,
FRONT - AMBER,131,178,,#1 ELECTRIC,12,Source4-36°,575,,R02+R132,,,,Not,78DBBB:254B:4:1:Vecto,,
FRONT - BLUE,112,177,,#1 ELECTRIC,13,Source4-36°,575,,L201+R132,,,,Not,271ABA:2534:4:1:Vecto,,
FRONT - PINK,151,176,,#1 ELECTRIC,14,Source4-36°,575,,R34+R132,,,,Not,6EC788:251D:4:1:Vecto,,
FRONT - N/C,171,175,,#1 ELECTRIC,15,Source4-36°,575,,R132,,,,Not,419660:2506:4:1:Vecto,,
SPC - OVERHEAD,401,173,,#1 ELECTRIC,16,Source4-26°,575,,R119,,,,Not,18E22A:24EF:4:1:Vecto,,
FOOTLIGHTS,858,,,FOOTLIGHTS,1,ETC Selador Vivid-R Cell,14,,,,,,Not,598096:3114:37:34:Vecto,,
FOOTLIGHTS,857,,,FOOTLIGHTS,2,ETC Selador Vivid-R Cell,14,,,,,,Not,5D828D:312B:37:34:Vecto,,
FOOTLIGHTS,856,,,FOOTLIGHTS,3,ETC Selador Vivid-R Cell,14,,,,,,Not,6F06E6:3142:37:34:Vecto,,
FOOTLIGHTS,855,,,FOOTLIGHTS,4,ETC Selador Vivid-R Cell,14,,,,,,Not,20C754:319E:37:35:Vecto,,
FOOTLIGHTS,854,,,FOOTLIGHTS,5,ETC Selador Vivid-R Cell,14,,,,,,Not,D5C77:3187:37:35:Vecto,,
FOOTLIGHTS,853,,,FOOTLIGHTS,6,ETC Selador Vivid-R Cell,14,,,,,,Not,56D422:3170:37:35:Vecto,,
FOOTLIGHTS,852,,,FOOTLIGHTS,7,ETC Selador Vivid-R Cell,14,,,,,,Not,33A707:3159:37:35:Vecto,,
FOOTLIGHTS,851,,,FOOTLIGHTS,8,ETC Selador Vivid-R Cell,14,,,,,,Not,8CFCE9:30FD:37:34:Vecto,,
MOV - SHINS,542,,,SHIN MOUNT,1,VL2500 Spot,700,,,,,,Not,F441D:31B5:37:35:Vecto,,
MOV - SHINS,541,,,SHIN MOUNT,2,VL2500 Spot,700,,,,,,Not,3314CC:31CC:37:35:Vecto,,
CYC TOP - BLUE,324,373,,#10 ELECTRIC,A1,Aurora 4 Cell Cyc,1000,,R2006,,,,Not,C95C5:1A55:3:39:Vecto,,
CYC TOP - RED,304,374,,#10 ELECTRIC,A2,Aurora 4 Cell Cyc,1000,,R26,,,,Not,677195:1A27:3:39:Vecto,,
CYC TOP - GREEN,314,375,,#10 ELECTRIC,A3,Aurora 4 Cell Cyc,1000,,L139,,,,Not,15BBD4:1A10:3:39:Vecto,,
CYC TOP - LT BLUE,334,376,,#10 ELECTRIC,A4,Aurora 4 Cell Cyc,1000,,L161,,,,Not,95E31B:1A3E:3:39:Vecto,,
CYC TOP - BLUE,324,373,,#10 ELECTRIC,B1,Aurora 4 Cell Cyc,1000,,R2006,,,,Not,333BCB:1AB1:3:39:Vecto,,
CYC TOP - RED,304,374,,#10 ELECTRIC,B2,Aurora 4 Cell Cyc,1000,,R26,,,,Not,7317EE:1A83:3:39:Vecto,,
CYC TOP - GREEN,314,375,,#10 ELECTRIC,B3,Aurora 4 Cell Cyc,1000,,L139,,,,Not,3C91F0:1A6C:3:39:Vecto,,
CYC TOP - LT BLUE,334,376,,#10 ELECTRIC,B4,Aurora 4 Cell Cyc,1000,,L161,,,,Not,42EC66:1A9A:3:39:Vecto,,
CYC TOP - BLUE,323,377,,#10 ELECTRIC,C1,Aurora 4 Cell Cyc,1000,,R2006,,,,Not,7854E0:1B0D:3:3A:Vecto,,
CYC TOP - RED,303,389,,#10 ELECTRIC,C2,Aurora 4 Cell Cyc,1000,,R26,,,,Not,51B823:1ADF:3:3A:Vecto,,
CYC TOP - GREEN,313,390,,#10 ELECTRIC,C3,Aurora 4 Cell Cyc,1000,,L139,,,,Not,5FD399:1AC8:3:39:Vecto,,
CYC TOP - LT BLUE,333,383,,#10 ELECTRIC,C4,Aurora 4 Cell Cyc,1000,,L161,,,,Not,421EE1:1AF6:3:3A:Vecto,,
CYC TOP - BLUE,323,377,,#10 ELECTRIC,D1,Aurora 4 Cell Cyc,1000,,R2006,,,,Not,3AA53D:1B69:3:3A:Vecto,,
CYC TOP - RED,303,389,,#10 ELECTRIC,D2,Aurora 4 Cell Cyc,1000,,R26,,,,Not,388B34:1B3B:3:3A:Vecto,,
CYC TOP - GREEN,313,390,,#10 ELECTRIC,D3,Aurora 4 Cell Cyc,1000,,L139,,,,Not,3A99C6:1B24:3:3A:Vecto,,
CYC TOP - LT BLUE,333,383,,#10 ELECTRIC,D4,Aurora 4 Cell Cyc,1000,,L161,,,,Not,800664:1B52:3:3A:Vecto,,
CYC TOP - BLUE,322,385,,#10 ELECTRIC,E1,Aurora 4 Cell Cyc,1000,,R2006,,,,Not,3C59D:1CD9:3:3A:Vecto,,
CYC TOP - RED,302,386,,#10 ELECTRIC,E2,Aurora 4 Cell Cyc,1000,,R26,,,,Not,46F590:1CAB:3:3A:Vecto,,
CYC TOP - GREEN,312,387,,#10 ELECTRIC,E3,Aurora 4 Cell Cyc,1000,,L139,,,,Not,101E8:1C94:3:3A:Vecto,,
CYC TOP - LT BLUE,332,388,,#10 ELECTRIC,E4,Aurora 4 Cell Cyc,1000,,L161,,,,Not,5D72D1:1CC2:3:3A:Vecto,,
CYC TOP - BLUE,322,385,,#10 ELECTRIC,F1,Aurora 4 Cell Cyc,1000,,R2006,,,,Not,6AFD0A:1C7D:3:3A:Vecto,,
CYC TOP - RED,302,386,,#10 ELECTRIC,F2,Aurora 4 Cell Cyc,1000,,R26,,,,Not,59EAF0:1C4F:3:3A:Vecto,,
CYC TOP - GREEN,312,387,,#10 ELECTRIC,F3,Aurora 4 Cell Cyc,1000,,L139,,,,Not,8BE598:1C38:3:3A:Vecto,,
CYC TOP - LT BLUE,332,388,,#10 ELECTRIC,F4,Aurora 4 Cell Cyc,1000,,L161,,,,Not,328D48:1C66:3:3A:Vecto,,
CYC TOP - BLUE,321,379,,#10 ELECTRIC,G1,Aurora 4 Cell Cyc,1000,,R2006,,,,Not,553E4D:1C21:3:3A:Vecto,,
CYC TOP - RED,301,380,,#10 ELECTRIC,G2,Aurora 4 Cell Cyc,1000,,R26,,,,Not,B24D3:1BF3:3:3A:Vecto,,
CYC TOP - GREEN,311,381,,#10 ELECTRIC,G3,Aurora 4 Cell Cyc,1000,,L139,,,,Not,32B450:1BDC:3:3A:Vecto,,
CYC TOP - LT BLUE,331,382,,#10 ELECTRIC,G4,Aurora 4 Cell Cyc,1000,,L161,,,,Not,63375C:1C0A:3:3A:Vecto,,
CYC TOP - BLUE,321,379,,#10 ELECTRIC,H1,Aurora 4 Cell Cyc,1000,,R2006,,,,Not,5DE642:1BC5:3:3A:Vecto,,
CYC TOP - RED,301,380,,#10 ELECTRIC,H2,Aurora 4 Cell Cyc,1000,,R26,,,,Not,1447B0:1B97:3:3A:Vecto,,
CYC TOP - GREEN,311,381,,#10 ELECTRIC,H3,Aurora 4 Cell Cyc,1000,,L139,,,,Not,3DB71A:1B80:3:3A:Vecto,,
CYC TOP - LT BLUE,331,382,,#10 ELECTRIC,H4,Aurora 4 Cell Cyc,1000,,L161,,,,Not,27FF4D:1BAE:3:3A:Vecto,,
USC WHITE,3001,379,,USC BOOM,1,Aurora 4 Cell Cyc,1000,,R118,,,,Not,939C37:3645:22:3A:Vecto,,
USC WHITE,3001,382,,USC BOOM,1,Aurora 4 Cell Cyc,1000,,R118,,,,Not,7A6F7C:362E:22:3A:Vecto,,
USC WHITE,3001,380,,USC BOOM,1,Aurora 4 Cell Cyc,1000,,R118,,,,Not,331175:3617:22:3A:Vecto,,
USC WHITE,3001,381,,USC BOOM,1,Aurora 4 Cell Cyc,1000,,R118,,,,Not,29EB8F:3600:22:3A:Vecto,,
USC WHITE,3001,379,,USC BOOM,1,Aurora 4 Cell Cyc,1000,,R118,,,,Not,3AA854:35E9:22:3A:Vecto,,
USC WHITE,3001,382,,USC BOOM,1,Aurora 4 Cell Cyc,1000,,R118,,,,Not,726242:35D2:22:3A:Vecto,,
USC WHITE,3001,380,,USC BOOM,1,Aurora 4 Cell Cyc,1000,,R118,,,,Not,7F19EA:35BB:22:3A:Vecto,,
USC WHITE,3001,381,,USC BOOM,1,Aurora 4 Cell Cyc,1000,,R118,,,,Not,5371C5:35A4:22:3A:Vecto,,
